<?xml version="1.0" encoding="UTF-8"?>
<rss version="2.0" xmlns:ror="http://rorweb.com/0.1/" >
<channel>
  <title>ROR Sitemap for http://cordemar.info/</title>
  <link>http://cordemar.info/</link>

<item>
     <link>http://cordemar.info/</link>
     <title>Colegio El Corazón De María</title>
     <description>El Colegio El Corazón de María,  es una comunidad educativa católica inspirada en el Carisma Marianista.  Brinda, a la luz de la espiritualidad y pedagogía marianistas, una educación integral de calidad con un currículo centrado en la persona,  con metodologías y recursos adecuados.  Al estilo de María, evangeliza para formar personas integras, éticas y proactivas, que se comprometan con la defensa de la vida, la justicia, la paz y la creación. Y, crea vínculos interpersonales e insti</description>
     <ror:updatePeriod></ror:updatePeriod>
     <ror:sortOrder>0</ror:sortOrder>
     <ror:resourceOf>sitemap</ror:resourceOf>
</item>
<item>
     <link>http://cordemar.info/index.php</link>
     <title>Colegio El Corazón De María</title>
     <description>El Colegio El Corazón de María,  es una comunidad educativa católica inspirada en el Carisma Marianista.  Brinda, a la luz de la espiritualidad y pedagogía marianistas, una educación integral de calidad con un currículo centrado en la persona,  con metodologías y recursos adecuados.  Al estilo de María, evangeliza para formar personas integras, éticas y proactivas, que se comprometan con la defensa de la vida, la justicia, la paz y la creación. Y, crea vínculos interpersonales e insti</description>
     <ror:updatePeriod></ror:updatePeriod>
     <ror:sortOrder>1</ror:sortOrder>
     <ror:resourceOf>sitemap</ror:resourceOf>
</item>
<item>
     <link>http://cordemar.info/qsomos.php</link>
     <title>Nuestra Historia</title>
     <description>Nuestra Historia</description>
     <ror:updatePeriod></ror:updatePeriod>
     <ror:sortOrder>1</ror:sortOrder>
     <ror:resourceOf>sitemap</ror:resourceOf>
</item>
<item>
     <link>http://cordemar.info/mision.php</link>
     <title>Misión</title>
     <description>Misión</description>
     <ror:updatePeriod></ror:updatePeriod>
     <ror:sortOrder>1</ror:sortOrder>
     <ror:resourceOf>sitemap</ror:resourceOf>
</item>
<item>
     <link>http://cordemar.info/vision.php</link>
     <title>Visión</title>
     <description>Visión</description>
     <ror:updatePeriod></ror:updatePeriod>
     <ror:sortOrder>1</ror:sortOrder>
     <ror:resourceOf>sitemap</ror:resourceOf>
</item>
<item>
     <link>http://cordemar.info/npilares.php</link>
     <title>Nuestros Pilares</title>
     <description>Nuestros Pilares</description>
     <ror:updatePeriod></ror:updatePeriod>
     <ror:sortOrder>1</ror:sortOrder>
     <ror:resourceOf>sitemap</ror:resourceOf>
</item>
<item>
     <link>http://cordemar.info/nsimbolos.php</link>
     <title>Nuestros Simbolos</title>
     <description>Nuestros Simbolos</description>
     <ror:updatePeriod></ror:updatePeriod>
     <ror:sortOrder>1</ror:sortOrder>
     <ror:resourceOf>sitemap</ror:resourceOf>
</item>
<item>
     <link>http://cordemar.info/nuniformes.php</link>
     <title>Nuestros Uniformes</title>
     <description>Nuestros Uniformes</description>
     <ror:updatePeriod></ror:updatePeriod>
     <ror:sortOrder>1</ror:sortOrder>
     <ror:resourceOf>sitemap</ror:resourceOf>
</item>
<item>
     <link>http://cordemar.info/nperfil.php</link>
     <title>Nuestro Perfil</title>
     <description>Nuestro Perfil</description>
     <ror:updatePeriod></ror:updatePeriod>
     <ror:sortOrder>1</ror:sortOrder>
     <ror:resourceOf>sitemap</ror:resourceOf>
</item>
<item>
     <link>http://cordemar.info/nmodelo.php</link>
     <title>Nuestro Modelo Pedagogico</title>
     <description>Nuestro Modelo Pedagogico</description>
     <ror:updatePeriod></ror:updatePeriod>
     <ror:sortOrder>1</ror:sortOrder>
     <ror:resourceOf>sitemap</ror:resourceOf>
</item>
<item>
     <link>http://cordemar.info/edufornuper.php</link>
     <title>Educamos Para Formar Un Nuevo Tipo De Persona</title>
     <description>Educamos Para Formar Un Nuevo Tipo De Persona</description>
     <ror:updatePeriod></ror:updatePeriod>
     <ror:sortOrder>1</ror:sortOrder>
     <ror:resourceOf>sitemap</ror:resourceOf>
</item>
<item>
     <link>http://cordemar.info/educonstruir.php</link>
     <title>Educamos Para Construir Una Sociedad Nueva</title>
     <description>Educamos Para Construir Una Sociedad Nueva</description>
     <ror:updatePeriod></ror:updatePeriod>
     <ror:sortOrder>1</ror:sortOrder>
     <ror:resourceOf>sitemap</ror:resourceOf>
</item>
<item>
     <link>http://cordemar.info/formaedu.php</link>
     <title>CON UNA FORMA DE EDUCAR: LAS CARACTERÍSTICAS DE LA EDUCACIÓN MARIANISTA</title>
     <description>CON UNA FORMA DE EDUCAR: LAS CARACTERÍSTICAS DE LA EDUCACIÓN MARIANISTA</description>
     <ror:updatePeriod></ror:updatePeriod>
     <ror:sortOrder>1</ror:sortOrder>
     <ror:resourceOf>sitemap</ror:resourceOf>
</item>
<item>
     <link>http://cordemar.info/formaenfe.php</link>
     <title>Formación En La Fé</title>
     <description>Formación En La Fé</description>
     <ror:updatePeriod></ror:updatePeriod>
     <ror:sortOrder>1</ror:sortOrder>
     <ror:resourceOf>sitemap</ror:resourceOf>
</item>
<item>
     <link>http://cordemar.info/eduintedecali.php</link>
     <title>Apostamos por la dignidad de la persona</title>
     <description>Apostamos por la dignidad de la persona</description>
     <ror:updatePeriod></ror:updatePeriod>
     <ror:sortOrder>1</ror:sortOrder>
     <ror:resourceOf>sitemap</ror:resourceOf>
</item>
<item>
     <link>http://cordemar.info/espiritufam.php</link>
     <title>El Espíritu de familia</title>
     <description>El Espíritu de familia</description>
     <ror:updatePeriod></ror:updatePeriod>
     <ror:sortOrder>1</ror:sortOrder>
     <ror:resourceOf>sitemap</ror:resourceOf>
</item>
<item>
     <link>http://cordemar.info/edujusticiapaz.php</link>
     <title>Educamos para el compromiso</title>
     <description>Educamos para el compromiso</description>
     <ror:updatePeriod></ror:updatePeriod>
     <ror:sortOrder>1</ror:sortOrder>
     <ror:resourceOf>sitemap</ror:resourceOf>
</item>
<item>
     <link>http://cordemar.info/adaptacioncambio.php</link>
     <title>Impulsamos la adaptación al cambio y el aprendizaje continuo</title>
     <description>Impulsamos la adaptación al cambio y el aprendizaje continuo</description>
     <ror:updatePeriod></ror:updatePeriod>
     <ror:sortOrder>1</ror:sortOrder>
     <ror:resourceOf>sitemap</ror:resourceOf>
</item>
<item>
     <link>http://cordemar.info/sinstievalpro.php</link>
     <title>LA EVALUACIÓN ACADÉMICA</title>
     <description>LA EVALUACIÓN ACADÉMICA</description>
     <ror:updatePeriod></ror:updatePeriod>
     <ror:sortOrder>1</ror:sortOrder>
     <ror:resourceOf>sitemap</ror:resourceOf>
</item>
<item>
     <link>http://cordemar.info/edupresco.php</link>
     <title>EDUCACIÓN PRE-ESCOLAR</title>
     <description>EDUCACIÓN PRE-ESCOLAR</description>
     <ror:updatePeriod></ror:updatePeriod>
     <ror:sortOrder>1</ror:sortOrder>
     <ror:resourceOf>sitemap</ror:resourceOf>
</item>
<item>
     <link>http://cordemar.info/edubasica.php</link>
     <title>EDUCACIÓN BÁSICA</title>
     <description>EDUCACIÓN BÁSICA</description>
     <ror:updatePeriod></ror:updatePeriod>
     <ror:sortOrder>1</ror:sortOrder>
     <ror:resourceOf>sitemap</ror:resourceOf>
</item>
<item>
     <link>http://cordemar.info/edumedia.php</link>
     <title>EDUCACIÓN MEDIA</title>
     <description>EDUCACIÓN MEDIA</description>
     <ror:updatePeriod></ror:updatePeriod>
     <ror:sortOrder>1</ror:sortOrder>
     <ror:resourceOf>sitemap</ror:resourceOf>
</item>
<item>
     <link>http://cordemar.info/proadmin.php</link>
     <title>PROCESO DE ADMISIÓN</title>
     <description>PROCESO DE ADMISIÓN</description>
     <ror:updatePeriod></ror:updatePeriod>
     <ror:sortOrder>1</ror:sortOrder>
     <ror:resourceOf>sitemap</ror:resourceOf>
</item>
<item>
     <link>http://cordemar.info/biblioteca.php</link>
     <title>Biblioteca</title>
     <description>Biblioteca</description>
     <ror:updatePeriod></ror:updatePeriod>
     <ror:sortOrder>1</ror:sortOrder>
     <ror:resourceOf>sitemap</ror:resourceOf>
</item>
<item>
     <link>http://cordemar.info/tdirigidas.php</link>
     <title>TAREAS DIRIGIDAS</title>
     <description>TAREAS DIRIGIDAS</description>
     <ror:updatePeriod></ror:updatePeriod>
     <ror:sortOrder>1</ror:sortOrder>
     <ror:resourceOf>sitemap</ror:resourceOf>
</item>
<item>
     <link>http://cordemar.info/cursosremediales.php</link>
     <title>CURSOS REMEDIALES</title>
     <description>CURSOS REMEDIALES</description>
     <ror:updatePeriod></ror:updatePeriod>
     <ror:sortOrder>1</ror:sortOrder>
     <ror:resourceOf>sitemap</ror:resourceOf>
</item>
<item>
     <link>http://cordemar.info/cursospre-saic.php</link>
     <title>CURSOS PRE-SABER ICFES</title>
     <description>CURSOS PRE-SABER ICFES</description>
     <ror:updatePeriod></ror:updatePeriod>
     <ror:sortOrder>1</ror:sortOrder>
     <ror:resourceOf>sitemap</ror:resourceOf>
</item>
<item>
     <link>http://cordemar.info/edeportivo.php</link>
     <title>ENTRENAMIENTO DEPORTIVO</title>
     <description>ENTRENAMIENTO DEPORTIVO</description>
     <ror:updatePeriod></ror:updatePeriod>
     <ror:sortOrder>1</ror:sortOrder>
     <ror:resourceOf>sitemap</ror:resourceOf>
</item>
<item>
     <link>http://cordemar.info/cafeteria.php</link>
     <title>Cafeteria</title>
     <description>Cafeteria</description>
     <ror:updatePeriod></ror:updatePeriod>
     <ror:sortOrder>1</ror:sortOrder>
     <ror:resourceOf>sitemap</ror:resourceOf>
</item>
<item>
     <link>http://cordemar.info/piscina.php</link>
     <title>Píscina</title>
     <description>Píscina</description>
     <ror:updatePeriod></ror:updatePeriod>
     <ror:sortOrder>1</ror:sortOrder>
     <ror:resourceOf>sitemap</ror:resourceOf>
</item>
<item>
     <link>http://cordemar.info/cordemaracadem.php</link>
     <title>CORDEMAR ACADÉMICO</title>
     <description>CORDEMAR ACADÉMICO</description>
     <ror:updatePeriod></ror:updatePeriod>
     <ror:sortOrder>1</ror:sortOrder>
     <ror:resourceOf>sitemap</ror:resourceOf>
</item>
<item>
     <link>http://cordemar.info/cordemareco.php</link>
     <title>CORDEMAR ECOLÓGICO</title>
     <description>CORDEMAR ECOLÓGICO</description>
     <ror:updatePeriod></ror:updatePeriod>
     <ror:sortOrder>1</ror:sortOrder>
     <ror:resourceOf>sitemap</ror:resourceOf>
</item>
<item>
     <link>http://cordemar.info/cordemarcult.php</link>
     <title>CORDEMAR CULTURAL</title>
     <description>CORDEMAR CULTURAL</description>
     <ror:updatePeriod></ror:updatePeriod>
     <ror:sortOrder>1</ror:sortOrder>
     <ror:resourceOf>sitemap</ror:resourceOf>
</item>
<item>
     <link>http://cordemar.info/cordemarecreativo.php</link>
     <title>CORDEMAR RECREATIVO</title>
     <description>CORDEMAR RECREATIVO</description>
     <ror:updatePeriod></ror:updatePeriod>
     <ror:sortOrder>1</ror:sortOrder>
     <ror:resourceOf>sitemap</ror:resourceOf>
</item>
<item>
     <link>http://cordemar.info/cazul.php</link>
     <title>CORDEMAR AZUL</title>
     <description>CORDEMAR AZUL</description>
     <ror:updatePeriod></ror:updatePeriod>
     <ror:sortOrder>1</ror:sortOrder>
     <ror:resourceOf>sitemap</ror:resourceOf>
</item>
<item>
     <link>http://cordemar.info/cprofesores.php</link>
     <title>CLAUSTRO DE PROFESORES</title>
     <description>CLAUSTRO DE PROFESORES</description>
     <ror:updatePeriod></ror:updatePeriod>
     <ror:sortOrder>1</ror:sortOrder>
     <ror:resourceOf>sitemap</ror:resourceOf>
</item>
<item>
     <link>http://cordemar.info/cacademico.php</link>
     <title>CONSEJO ACADÉMICO</title>
     <description>CONSEJO ACADÉMICO</description>
     <ror:updatePeriod></ror:updatePeriod>
     <ror:sortOrder>1</ror:sortOrder>
     <ror:resourceOf>sitemap</ror:resourceOf>
</item>
<item>
     <link>http://cordemar.info/cestudiantil.php</link>
     <title>CORDEMAR ESTUDIANTIL</title>
     <description>CORDEMAR ESTUDIANTIL</description>
     <ror:updatePeriod></ror:updatePeriod>
     <ror:sortOrder>1</ror:sortOrder>
     <ror:resourceOf>sitemap</ror:resourceOf>
</item>
<item>
     <link>http://cordemar.info/fraternidades.php</link>
     <title>FRATERNIDADES ESCOLARES CORDEMARIANAS</title>
     <description>FRATERNIDADES ESCOLARES CORDEMARIANAS</description>
     <ror:updatePeriod></ror:updatePeriod>
     <ror:sortOrder>1</ror:sortOrder>
     <ror:resourceOf>sitemap</ror:resourceOf>
</item>
<item>
     <link>http://cordemar.info/asociaciondepadresdf.php</link>
     <title>ASOCIACIÓN DE PADRES DE FAMILIA</title>
     <description>ASOCIACIÓN DE PADRES DE FAMILIA</description>
     <ror:updatePeriod></ror:updatePeriod>
     <ror:sortOrder>1</ror:sortOrder>
     <ror:resourceOf>sitemap</ror:resourceOf>
</item>
<item>
     <link>http://cordemar.info/asociaciondexyegresados.php</link>
     <title>ASOCIACIÓN DE EXALUMNOS Y EGRESADOS</title>
     <description>ASOCIACIÓN DE EXALUMNOS Y EGRESADOS</description>
     <ror:updatePeriod></ror:updatePeriod>
     <ror:sortOrder>1</ror:sortOrder>
     <ror:resourceOf>sitemap</ror:resourceOf>
</item>
<item>
     <link>http://cordemar.info/cmariana.php</link>
     <title>CONGREGACIÓN MARIANA</title>
     <description>CONGREGACIÓN MARIANA</description>
     <ror:updatePeriod></ror:updatePeriod>
     <ror:sortOrder>1</ror:sortOrder>
     <ror:resourceOf>sitemap</ror:resourceOf>
</item>
<item>
     <link>http://cordemar.info/asociaciondefensora.php</link>
     <title>ASOCIACIÓN DEFENSORA DE ANIMALES Y DEL AMBIENTE DE CODAZZI</title>
     <description>ASOCIACIÓN DEFENSORA DE ANIMALES Y DEL AMBIENTE DE CODAZZI</description>
     <ror:updatePeriod></ror:updatePeriod>
     <ror:sortOrder>1</ror:sortOrder>
     <ror:resourceOf>sitemap</ror:resourceOf>
</item>
<item>
     <link>http://cordemar.info/contacto.php</link>
     <title>Contactenos</title>
     <description>El Colegio El Corazón de María,  es una comunidad educativa católica inspirada en el Carisma Marianista.  Brinda, a la luz de la espiritualidad y pedagogía marianistas, una educación integral de calidad con un currículo centrado en la persona,  con metodologías y recursos adecuados.  Al estilo de María, evangeliza para formar personas integras, éticas y proactivas, que se comprometan con la defensa de la vida, la justicia, la paz y la creación. Y, crea vínculos interpersonales e insti</description>
     <ror:updatePeriod></ror:updatePeriod>
     <ror:sortOrder>1</ror:sortOrder>
     <ror:resourceOf>sitemap</ror:resourceOf>
</item>
<item>
     <link>http://cordemar.info/file_share.php</link>
     <title>Contactenos</title>
     <description>El Colegio El Corazón de María,  es una comunidad educativa católica inspirada en el Carisma Marianista.  Brinda, a la luz de la espiritualidad y pedagogía marianistas, una educación integral de calidad con un currículo centrado en la persona,  con metodologías y recursos adecuados.  Al estilo de María, evangeliza para formar personas integras, éticas y proactivas, que se comprometan con la defensa de la vida, la justicia, la paz y la creación. Y, crea vínculos interpersonales e insti</description>
     <ror:updatePeriod></ror:updatePeriod>
     <ror:sortOrder>1</ror:sortOrder>
     <ror:resourceOf>sitemap</ror:resourceOf>
</item>
<item>
     <link>http://cordemar.info/notice01.php</link>
     <title>NOTICE#1</title>
     <description>El Colegio El Corazón de María,  es una comunidad educativa católica inspirada en el Carisma Marianista.  Brinda, a la luz de la espiritualidad y pedagogía marianistas, una educación integral de calidad con un currículo centrado en la persona,  con metodologías y recursos adecuados.  Al estilo de María, evangeliza para formar personas integras, éticas y proactivas, que se comprometan con la defensa de la vida, la justicia, la paz y la creación. Y, crea vínculos interpersonales e insti</description>
     <ror:updatePeriod></ror:updatePeriod>
     <ror:sortOrder>1</ror:sortOrder>
     <ror:resourceOf>sitemap</ror:resourceOf>
</item>
<item>
     <link>http://cordemar.info/notice02.php</link>
     <title>NOTICE#2</title>
     <description>El Colegio El Corazón de María,  es una comunidad educativa católica inspirada en el Carisma Marianista.  Brinda, a la luz de la espiritualidad y pedagogía marianistas, una educación integral de calidad con un currículo centrado en la persona,  con metodologías y recursos adecuados.  Al estilo de María, evangeliza para formar personas integras, éticas y proactivas, que se comprometan con la defensa de la vida, la justicia, la paz y la creación. Y, crea vínculos interpersonales e insti</description>
     <ror:updatePeriod></ror:updatePeriod>
     <ror:sortOrder>1</ror:sortOrder>
     <ror:resourceOf>sitemap</ror:resourceOf>
</item>
<item>
     <link>http://cordemar.info/notice03.php</link>
     <title>NOTICE#3</title>
     <description>El Colegio El Corazón de María,  es una comunidad educativa católica inspirada en el Carisma Marianista.  Brinda, a la luz de la espiritualidad y pedagogía marianistas, una educación integral de calidad con un currículo centrado en la persona,  con metodologías y recursos adecuados.  Al estilo de María, evangeliza para formar personas integras, éticas y proactivas, que se comprometan con la defensa de la vida, la justicia, la paz y la creación. Y, crea vínculos interpersonales e insti</description>
     <ror:updatePeriod></ror:updatePeriod>
     <ror:sortOrder>1</ror:sortOrder>
     <ror:resourceOf>sitemap</ror:resourceOf>
</item>
<item>
     <link>http://cordemar.info/notice04.php</link>
     <title>NOTICE#4</title>
     <description>El Colegio El Corazón de María,  es una comunidad educativa católica inspirada en el Carisma Marianista.  Brinda, a la luz de la espiritualidad y pedagogía marianistas, una educación integral de calidad con un currículo centrado en la persona,  con metodologías y recursos adecuados.  Al estilo de María, evangeliza para formar personas integras, éticas y proactivas, que se comprometan con la defensa de la vida, la justicia, la paz y la creación. Y, crea vínculos interpersonales e insti</description>
     <ror:updatePeriod></ror:updatePeriod>
     <ror:sortOrder>1</ror:sortOrder>
     <ror:resourceOf>sitemap</ror:resourceOf>
</item>
<item>
     <link>http://cordemar.info/notice05.php</link>
     <title>NOTICE#5</title>
     <description>El Colegio El Corazón de María,  es una comunidad educativa católica inspirada en el Carisma Marianista.  Brinda, a la luz de la espiritualidad y pedagogía marianistas, una educación integral de calidad con un currículo centrado en la persona,  con metodologías y recursos adecuados.  Al estilo de María, evangeliza para formar personas integras, éticas y proactivas, que se comprometan con la defensa de la vida, la justicia, la paz y la creación. Y, crea vínculos interpersonales e insti</description>
     <ror:updatePeriod></ror:updatePeriod>
     <ror:sortOrder>1</ror:sortOrder>
     <ror:resourceOf>sitemap</ror:resourceOf>
</item>
<item>
     <link>http://cordemar.info/notice06.php</link>
     <title>NOTICE#6</title>
     <description>El Colegio El Corazón de María,  es una comunidad educativa católica inspirada en el Carisma Marianista.  Brinda, a la luz de la espiritualidad y pedagogía marianistas, una educación integral de calidad con un currículo centrado en la persona,  con metodologías y recursos adecuados.  Al estilo de María, evangeliza para formar personas integras, éticas y proactivas, que se comprometan con la defensa de la vida, la justicia, la paz y la creación. Y, crea vínculos interpersonales e insti</description>
     <ror:updatePeriod></ror:updatePeriod>
     <ror:sortOrder>1</ror:sortOrder>
     <ror:resourceOf>sitemap</ror:resourceOf>
</item>
</channel>
</rss>
  